locusnum,snpid,geneid,chrnum,chrpos,pval_SCHI,fdr_SCHI,conjfdr_SCHI_FATH,prune_SCHI_FATH,conjfdr_SCHI_BORN,prune_SCHI_BORN,conjfdr_SCHI_BROT,prune_SCHI_BROT,conjfdr_SCHI_SIST,prune_SCHI_SIST,conjfdr_SCHI_BIRT,prune_SCHI_BIRT,conjfdr_SCHI_TERM,prune_SCHI_TERM,min_conjfdr
1,,,1,117864047,7.386652e-05,2.899757e-01,1.416000e-01,0,NaN,0,3.265214e-03,0,8.108029e-01,0,3.972575e-03,1,1.000000e+00,0,3.265214e-03
1,,,1,117864775,7.952722e-05,2.964266e-01,1.368318e-01,0,7.020194e-03,1,3.208022e-03,1,6.492621e-01,0,4.230493e-03,0,1.000000e+00,0,3.208022e-03
2,,,1,197595569,1.459418e-04,3.636135e-01,2.988661e-01,0,NaN,0,3.929543e-03,0,4.800075e-01,0,4.799392e-01,0,8.295213e-01,0,3.929543e-03
2,,,1,197599030,1.626841e-04,3.779461e-01,3.382004e-01,0,8.936103e-02,0,3.590492e-03,1,4.618029e-01,0,5.025218e-01,0,8.044280e-01,0,3.590492e-03
3,,,2,17754316,6.899313e-05,2.840259e-01,1.945539e-01,0,9.995175e-01,0,7.316542e-03,1,8.541433e-01,0,5.140070e-01,0,8.040049e-01,0,7.316542e-03
4,,,2,203028129,1.052539e-03,6.852207e-01,6.905799e-01,0,NaN,0,9.204251e-03,1,9.999506e-01,0,1.000000e+00,0,6.858585e-01,0,9.204251e-03
5,,,3,85518580,8.510083e-04,6.602401e-01,1.783965e-02,0,3.534251e-02,0,7.959549e-03,0,8.643225e-01,0,2.918250e-02,0,6.817929e-01,0,7.959549e-03
5,,,3,85524170,9.010662e-04,6.672040e-01,1.877020e-02,0,3.712497e-02,0,8.282175e-03,0,8.536098e-01,0,3.038898e-02,0,6.943838e-01,0,8.282175e-03
5,,,3,85525323,9.124656e-04,6.687357e-01,1.897487e-02,0,3.751702e-02,0,8.353136e-03,0,8.475930e-01,0,3.065434e-02,0,6.858378e-01,0,8.353136e-03
5,,,3,85534767,9.092963e-04,6.683118e-01,1.891822e-02,0,3.740852e-02,0,8.333497e-03,0,8.553241e-01,0,3.058090e-02,0,6.933804e-01,0,8.333497e-03
5,,,3,85536314,9.038764e-04,6.675834e-01,1.882089e-02,0,3.722208e-02,0,8.299751e-03,0,8.198431e-01,0,3.045470e-02,0,6.926562e-01,0,8.299751e-03
5,,,3,85539078,8.475254e-04,6.597404e-01,1.777289e-02,0,3.521461e-02,0,7.936400e-03,0,8.270039e-01,0,2.909593e-02,0,6.858904e-01,0,7.936400e-03
5,,,3,85539234,9.282250e-04,6.708221e-01,1.925365e-02,0,NaN,0,8.449792e-03,0,8.270039e-01,0,3.101579e-02,0,6.916316e-01,0,8.449792e-03
5,,,3,85540764,9.109749e-04,6.685365e-01,1.894825e-02,0,NaN,0,8.343907e-03,0,8.227360e-01,0,3.061983e-02,0,6.916316e-01,0,8.343907e-03
5,,,3,85544283,8.890233e-04,6.655647e-01,1.855114e-02,0,NaN,0,8.206225e-03,0,8.219134e-01,0,3.010496e-02,0,6.918278e-01,0,8.206225e-03
5,,,3,85545866,8.778440e-04,6.640228e-01,1.834511e-02,0,NaN,0,8.134796e-03,0,8.208117e-01,0,2.983785e-02,0,6.911393e-01,0,8.134796e-03
5,,,3,85546701,8.767029e-04,6.638644e-01,1.832394e-02,0,3.627016e-02,0,8.127454e-03,0,8.229411e-01,0,2.981039e-02,0,6.911393e-01,0,8.127454e-03
5,,,3,85548686,8.971241e-04,6.666698e-01,1.869881e-02,0,NaN,0,8.257426e-03,0,8.154442e-01,0,3.029643e-02,0,6.884288e-01,0,8.257426e-03
5,,,3,85550080,9.115340e-04,6.686113e-01,1.895824e-02,0,NaN,0,8.347370e-03,0,8.240320e-01,0,3.063278e-02,0,6.900957e-01,0,8.347370e-03
5,,,3,85551403,1.009067e-03,6.808353e-01,2.064250e-02,0,4.070556e-02,0,8.929090e-03,0,7.851363e-01,0,3.280467e-02,0,7.014208e-01,0,8.929090e-03
5,,,3,85551820,9.260088e-04,6.705308e-01,1.921474e-02,0,3.797649e-02,0,8.436299e-03,0,8.189397e-01,0,3.096533e-02,0,6.880709e-01,0,8.436299e-03
5,,,3,85552787,9.425626e-04,6.726897e-01,1.950320e-02,0,NaN,0,8.536313e-03,0,8.219134e-01,0,3.133934e-02,0,6.881733e-01,0,8.536313e-03
5,,,3,85561808,8.903447e-04,6.657456e-01,1.857532e-02,0,NaN,0,8.214609e-03,0,8.147053e-01,0,3.013631e-02,0,6.850975e-01,0,8.214609e-03
5,,,3,85565494,7.579950e-04,6.436800e-01,1.608505e-02,0,NaN,0,7.342731e-03,0,8.109549e-01,0,2.686293e-02,0,6.800617e-01,0,7.342731e-03
5,,,3,85569068,7.483009e-04,6.414361e-01,1.591118e-02,0,3.162659e-02,0,7.280114e-03,0,8.216385e-01,0,2.662521e-02,0,6.787535e-01,0,7.280114e-03
5,,,3,85575797,7.524342e-04,6.423964e-01,1.598559e-02,0,NaN,0,7.306911e-03,0,8.163476e-01,0,2.672694e-02,0,6.803434e-01,0,7.306911e-03
5,,,3,85578035,6.736412e-04,6.231124e-01,1.449134e-02,0,2.886832e-02,0,6.768797e-03,1,8.224621e-01,0,2.468404e-02,0,6.835429e-01,0,6.768797e-03
5,,,3,85578841,6.951286e-04,6.285863e-01,1.491549e-02,0,NaN,0,6.921545e-03,0,8.246433e-01,0,2.526393e-02,0,6.834346e-01,0,6.921545e-03
5,,,3,85582231,7.441555e-04,6.404677e-01,1.583614e-02,0,NaN,0,7.253090e-03,0,8.402727e-01,0,2.652261e-02,0,6.940030e-01,0,7.253090e-03
5,,,3,85583608,8.176065e-04,6.553616e-01,1.718777e-02,0,3.409382e-02,0,7.733536e-03,0,7.895848e-01,0,2.833731e-02,0,7.128623e-01,0,7.733536e-03
5,,,3,85594428,7.514020e-04,6.421571e-01,1.596704e-02,0,3.173512e-02,0,7.300233e-03,0,8.469821e-01,0,2.670159e-02,0,6.906440e-01,0,7.300233e-03
5,,,3,85597135,7.895093e-04,6.507815e-01,1.663531e-02,0,3.303336e-02,0,7.540894e-03,0,8.379894e-01,0,2.761523e-02,0,6.891401e-01,0,7.540894e-03
5,,,3,85599067,7.955315e-04,6.520267e-01,1.674216e-02,0,NaN,0,7.579040e-03,0,8.263320e-01,0,2.775957e-02,0,6.891401e-01,0,7.579040e-03
5,,,3,85599588,7.933262e-04,6.516223e-01,1.670046e-02,0,NaN,0,7.564356e-03,0,8.370309e-01,0,2.770430e-02,0,6.933323e-01,0,7.564356e-03
5,,,3,85599601,7.933262e-04,6.516223e-01,1.670046e-02,0,NaN,0,7.564356e-03,0,8.379894e-01,0,2.770430e-02,0,6.933323e-01,0,7.564356e-03
5,,,3,85603262,7.596384e-04,6.440576e-01,1.611431e-02,0,3.202121e-02,0,7.353267e-03,0,8.150999e-01,0,2.690292e-02,0,7.098643e-01,0,7.353267e-03
5,,,3,85603309,9.324649e-04,6.713774e-01,1.932785e-02,0,3.819316e-02,0,8.475517e-03,0,8.172619e-01,0,3.111199e-02,0,6.856269e-01,0,8.475517e-03
5,,,3,85603371,7.242939e-04,6.357515e-01,1.547070e-02,0,3.077088e-02,0,7.121486e-03,0,8.223936e-01,0,2.602299e-02,0,7.089422e-01,0,7.121486e-03
5,,,3,85603462,9.023782e-04,6.673813e-01,1.879388e-02,0,NaN,0,8.290387e-03,0,7.894092e-01,0,3.041969e-02,0,7.092343e-01,0,8.290387e-03
5,,,3,85603643,9.245297e-04,6.703361e-01,1.918871e-02,0,3.792664e-02,0,8.427276e-03,0,7.903434e-01,0,3.093159e-02,0,7.127216e-01,0,8.427276e-03
5,,,3,85610855,7.755645e-04,6.476748e-01,1.639459e-02,0,NaN,0,8.409883e-03,0,8.128669e-01,0,2.728612e-02,0,6.832176e-01,0,8.409883e-03
5,,,3,85614034,1.025768e-03,6.825420e-01,2.096302e-02,0,NaN,0,9.036177e-03,0,8.156814e-01,0,3.319879e-02,0,6.913270e-01,0,9.036177e-03
5,,,3,85614272,7.408303e-04,6.396869e-01,1.577564e-02,0,3.136329e-02,0,8.401467e-03,0,8.243039e-01,0,2.643990e-02,0,6.890895e-01,0,8.401467e-03
5,,,3,85630551,1.124791e-03,6.921237e-01,2.276249e-02,0,NaN,0,9.637372e-03,0,8.284110e-01,0,3.541140e-02,0,6.954810e-01,0,9.637372e-03
5,,,3,85639672,9.970225e-04,6.795335e-01,2.041770e-02,0,NaN,0,8.853374e-03,0,8.120146e-01,0,3.252501e-02,0,6.774826e-01,0,8.853374e-03
5,,,3,85648649,4.706336e-04,5.527619e-01,1.046157e-02,0,NaN,0,7.754836e-03,0,8.385625e-01,0,1.889865e-02,0,1.000000e+00,0,7.754836e-03
6,,,3,114925815,9.744975e-04,6.767493e-01,6.432615e-02,0,NaN,0,9.369942e-03,0,8.765777e-01,0,5.994018e-01,0,1.000000e+00,0,9.369942e-03
6,,,3,114940210,7.678276e-04,6.459269e-01,9.732271e-02,0,8.026374e-01,0,8.852693e-03,0,9.254905e-01,0,6.318652e-01,0,1.000000e+00,0,8.852693e-03
6,,,3,115074415,2.100000e-04,4.144962e-01,2.396339e-01,0,5.136560e-01,0,7.601003e-03,0,6.619872e-01,0,5.717696e-01,0,1.000000e+00,0,7.601003e-03
6,,,3,115089790,1.613684e-04,3.767961e-01,1.990673e-01,0,5.564399e-01,0,7.218391e-03,0,6.524230e-01,0,5.475500e-01,0,9.976556e-01,0,7.218391e-03
6,,,3,115101578,1.520870e-04,3.689307e-01,2.313182e-01,0,NaN,0,4.057558e-03,0,6.560430e-01,0,5.272532e-01,0,1.000000e+00,0,4.057558e-03
6,,,3,115110187,1.041145e-04,3.235568e-01,1.872934e-01,0,NaN,0,3.429278e-03,0,6.915055e-01,0,5.039633e-01,0,1.000000e+00,0,3.429278e-03
6,,,3,115110804,1.596682e-04,3.752961e-01,1.762625e-01,0,NaN,0,3.949805e-03,0,6.846364e-01,0,4.967143e-01,0,1.000000e+00,0,3.949805e-03
6,,,3,115112834,1.033971e-04,3.227922e-01,1.653351e-01,0,NaN,0,3.197670e-03,0,6.951413e-01,0,4.936290e-01,0,1.000000e+00,0,3.197670e-03
6,,,3,115113777,1.181704e-04,3.375614e-01,1.723935e-01,0,5.004454e-01,0,3.366522e-03,0,6.957293e-01,0,4.980583e-01,0,1.000000e+00,0,3.366522e-03
6,,,3,115115397,1.424388e-04,3.604814e-01,1.857907e-01,0,5.176050e-01,0,3.464497e-03,0,6.927710e-01,0,5.050366e-01,0,1.000000e+00,0,3.464497e-03
6,,,3,115115932,9.823619e-05,3.173366e-01,1.778975e-01,0,NaN,0,2.947363e-03,1,6.864736e-01,0,5.137695e-01,0,9.976309e-01,0,2.947363e-03
6,,,3,115125869,2.587123e-04,4.459619e-01,3.296862e-01,0,6.290810e-01,0,6.041962e-03,0,6.090215e-01,0,3.510186e-01,0,1.000000e+00,0,6.041962e-03
6,,,3,115133008,3.191844e-04,4.797016e-01,3.218182e-01,0,NaN,0,6.475620e-03,0,6.112447e-01,0,3.469908e-01,0,1.000000e+00,0,6.475620e-03
6,,,3,115134513,3.172560e-04,4.786165e-01,3.257910e-01,0,6.574524e-01,0,7.033093e-03,0,5.945334e-01,0,3.532699e-01,0,1.000000e+00,0,7.033093e-03
6,,,3,115138922,1.755870e-04,3.887547e-01,2.880739e-01,0,NaN,0,4.002709e-03,0,6.866377e-01,0,5.083545e-01,0,1.000000e+00,0,4.002709e-03
6,,,3,115142521,3.529300e-04,4.976973e-01,3.249660e-01,0,NaN,0,7.052640e-03,0,6.148219e-01,0,3.686418e-01,0,1.000000e+00,0,7.052640e-03
6,,,3,115143065,3.781168e-04,5.100405e-01,3.248624e-01,0,NaN,0,7.137462e-03,0,6.162104e-01,0,4.106442e-01,0,1.000000e+00,0,7.137462e-03
6,,,3,115143941,3.582576e-04,5.003801e-01,3.277773e-01,0,6.414725e-01,0,7.120056e-03,0,6.205682e-01,0,4.032811e-01,0,1.000000e+00,0,7.120056e-03
6,,,3,115144685,3.362050e-04,4.890042e-01,3.272713e-01,0,6.227637e-01,0,7.029823e-03,0,6.105103e-01,0,4.015771e-01,0,1.000000e+00,0,7.029823e-03
7,,,3,135111050,3.329277e-04,4.872502e-01,9.919736e-03,1,6.846862e-01,0,2.311569e-01,0,9.216480e-01,0,6.564631e-01,0,6.931879e-01,0,9.919736e-03
8,,,3,140104289,5.493657e-04,5.838268e-01,6.089343e-01,0,NaN,0,5.871894e-03,0,7.714892e-01,0,3.754658e-01,0,7.764323e-01,0,5.871894e-03
8,,,3,140109385,7.487148e-04,6.415325e-01,6.118542e-01,0,NaN,0,7.282804e-03,0,8.180325e-01,0,5.732055e-01,0,7.080606e-01,0,7.282804e-03
8,,,3,140111799,8.136526e-04,6.547709e-01,5.639158e-01,0,NaN,0,7.706173e-03,0,8.151491e-01,0,5.613315e-01,0,6.979185e-01,0,7.706173e-03
8,,,3,140111944,7.329009e-04,6.378109e-01,5.803901e-01,0,NaN,0,7.178954e-03,0,8.327623e-01,0,5.476440e-01,0,7.247392e-01,0,7.178954e-03
8,,,3,140112388,6.338291e-04,6.124923e-01,5.737917e-01,0,NaN,0,6.472447e-03,0,8.295380e-01,0,5.535084e-01,0,7.342666e-01,0,6.472447e-03
8,,,3,140114278,3.826317e-04,5.121660e-01,5.672025e-01,0,1.000000e+00,0,4.543780e-03,1,8.732382e-01,0,5.335101e-01,0,8.046393e-01,0,4.543780e-03
8,,,3,140114551,7.002844e-04,6.298746e-01,6.001313e-01,0,1.000000e+00,0,6.957493e-03,0,8.893102e-01,0,5.458553e-01,0,7.449077e-01,0,6.957493e-03
8,,,3,140115117,5.527764e-04,5.850727e-01,5.819299e-01,0,NaN,0,5.897749e-03,0,8.766312e-01,0,5.536912e-01,0,7.462518e-01,0,5.897749e-03
8,,,3,140118043,7.874965e-04,6.503365e-01,6.036277e-01,0,NaN,0,7.528476e-03,0,8.693508e-01,0,5.583909e-01,0,7.688596e-01,0,7.528476e-03
8,,,3,140122217,4.753916e-04,5.547752e-01,5.472955e-01,0,NaN,0,5.299471e-03,0,9.089227e-01,0,5.171137e-01,0,8.035104e-01,0,5.299471e-03
8,,,3,140124616,5.975464e-04,6.007490e-01,5.472955e-01,0,1.000000e+00,0,6.223078e-03,0,9.220347e-01,0,5.390022e-01,0,7.743812e-01,0,6.223078e-03
8,,,3,140127945,5.865259e-04,5.970019e-01,5.699491e-01,0,1.000000e+00,0,6.145316e-03,0,9.053690e-01,0,5.280085e-01,0,7.864761e-01,0,6.145316e-03
8,,,3,140128527,6.096143e-04,6.047738e-01,5.728398e-01,0,1.000000e+00,0,6.306604e-03,0,9.089806e-01,0,5.308650e-01,0,7.846396e-01,0,6.306604e-03
9,,,4,78628215,9.332012e-04,6.714735e-01,8.032913e-01,0,9.996350e-01,0,8.479972e-03,1,9.987903e-01,0,7.916507e-01,0,8.425132e-01,0,8.479972e-03
9,,,4,78629109,9.582377e-04,6.746992e-01,7.754007e-01,0,9.974773e-01,0,8.629412e-03,0,9.996667e-01,0,8.066687e-01,0,8.693903e-01,0,8.629412e-03
9,,,4,78747771,1.128289e-03,6.924465e-01,7.140300e-01,0,9.699664e-01,0,9.657626e-03,0,9.998458e-01,0,7.031205e-01,0,7.771097e-01,0,9.657626e-03
9,,,4,78751916,1.121455e-03,6.918148e-01,7.435556e-01,0,9.992510e-01,0,9.617992e-03,0,9.998431e-01,0,7.099539e-01,0,7.632937e-01,0,9.617992e-03
10,,,4,105099546,1.063902e-03,6.863372e-01,9.006251e-01,0,9.115617e-01,0,9.274302e-03,0,5.847510e-01,0,6.946113e-01,0,6.934071e-01,0,9.274302e-03
10,,,4,105110240,1.110071e-03,6.907540e-01,9.199876e-01,0,NaN,0,9.551435e-03,0,5.941837e-01,0,6.936424e-01,0,7.031752e-01,0,9.551435e-03
10,,,4,105124823,1.003409e-03,6.802506e-01,8.686167e-01,0,NaN,0,8.892405e-03,0,6.228925e-01,0,7.229718e-01,0,6.936478e-01,0,8.892405e-03
10,,,4,105124943,8.848636e-04,6.649932e-01,8.620143e-01,0,NaN,0,8.179752e-03,1,6.039880e-01,0,7.341732e-01,0,6.909415e-01,0,8.179752e-03
10,,,4,105126174,1.071442e-03,6.870714e-01,9.134248e-01,0,NaN,0,9.320371e-03,0,6.056076e-01,0,6.968183e-01,0,6.994063e-01,0,9.320371e-03
10,,,4,105154657,1.185279e-03,6.975698e-01,9.565582e-01,0,8.758858e-01,0,9.979085e-03,0,5.253232e-01,0,5.702954e-01,0,7.293675e-01,0,9.979085e-03
10,,,4,105154878,1.165902e-03,6.958560e-01,9.552390e-01,0,8.912294e-01,0,9.871552e-03,0,5.275689e-01,0,5.679944e-01,0,7.261134e-01,0,9.871552e-03
11,,,4,137412771,1.287816e-04,3.474869e-01,3.054187e-03,0,NaN,0,6.608811e-03,0,9.180877e-01,0,5.694315e-01,0,9.962182e-01,0,3.054187e-03
11,,,4,137416583,1.211039e-04,3.402732e-01,2.879994e-03,0,9.996209e-01,0,7.301651e-03,0,8.963084e-01,0,5.459031e-01,0,9.764782e-01,0,2.879994e-03
11,,,4,137425467,4.254454e-05,2.462900e-01,1.034919e-03,0,NaN,0,7.233704e-03,0,9.652392e-01,0,5.175573e-01,0,9.820912e-01,0,1.034919e-03
11,,,4,137425927,3.990148e-05,2.416710e-01,9.665070e-04,0,NaN,0,7.206083e-03,0,9.242339e-01,0,5.227749e-01,0,1.000000e+00,0,9.665070e-04
11,,,4,137428396,9.892507e-06,1.824175e-01,1.180521e-03,0,NaN,0,7.156335e-03,0,9.437414e-01,0,4.451484e-01,0,1.000000e+00,0,1.180521e-03
11,,,4,137429257,1.249451e-05,1.936635e-01,1.042117e-03,0,9.700486e-01,0,7.041253e-03,0,9.502026e-01,0,4.854945e-01,0,1.000000e+00,0,1.042117e-03
11,,,4,137430622,1.335400e-05,1.961681e-01,1.178146e-03,0,9.045217e-01,0,7.373910e-03,0,9.382757e-01,0,4.848742e-01,0,1.000000e+00,0,1.178146e-03
11,,,4,137430931,1.347950e-05,1.965084e-01,1.202576e-03,0,9.803012e-01,0,6.698793e-03,0,9.608294e-01,0,4.931396e-01,0,1.000000e+00,0,1.202576e-03
11,,,4,137433296,2.114690e-05,2.114077e-01,1.157734e-03,0,NaN,0,5.516346e-03,1,8.621643e-01,0,5.901735e-01,0,9.926793e-01,0,1.157734e-03
11,,,4,137437420,1.461817e-05,1.994586e-01,1.091364e-03,0,NaN,0,7.080112e-03,0,9.662925e-01,0,4.979994e-01,0,1.000000e+00,0,1.091364e-03
11,,,4,137437516,1.485316e-05,2.000387e-01,1.128809e-03,0,NaN,0,7.170411e-03,0,9.555904e-01,0,4.984700e-01,0,1.000000e+00,0,1.128809e-03
11,,,4,137441620,2.403995e-05,2.157072e-01,9.573632e-04,0,NaN,0,5.662626e-03,0,8.301999e-01,0,5.861419e-01,0,9.965165e-01,0,9.573632e-04
11,,,4,137442167,1.670271e-05,2.040079e-01,1.245522e-03,0,NaN,0,6.568550e-03,0,9.775978e-01,0,4.944255e-01,0,1.000000e+00,0,1.245522e-03
11,,,4,137446631,2.551038e-05,2.178772e-01,7.930071e-04,0,NaN,0,8.861110e-03,0,9.817259e-01,0,5.305468e-01,0,1.000000e+00,0,7.930071e-04
11,,,4,137447107,2.533074e-05,2.175583e-01,7.750920e-04,0,NaN,0,8.919447e-03,0,9.830800e-01,0,5.306576e-01,0,1.000000e+00,0,7.750920e-04
11,,,4,137448587,2.520201e-05,2.173284e-01,7.737934e-04,1,9.734934e-01,0,9.251014e-03,0,9.781736e-01,0,5.327670e-01,0,1.000000e+00,0,7.737934e-04
11,,,4,137449726,2.543347e-05,2.177410e-01,7.902241e-04,0,9.595832e-01,0,9.231554e-03,0,9.804520e-01,0,5.309754e-01,0,1.000000e+00,0,7.902241e-04
12,,,6,403799,5.726873e-05,2.685998e-01,5.284021e-01,0,1.000000e+00,0,6.486111e-03,1,6.549940e-01,0,7.875967e-01,0,7.136096e-01,0,6.486111e-03
12,,,6,408079,1.893653e-05,2.078561e-01,8.305394e-01,0,9.998455e-01,0,3.682558e-03,0,6.682666e-01,0,9.535057e-01,0,7.891449e-01,0,3.682558e-03
12,,,6,409119,2.198062e-05,2.127043e-01,8.664762e-01,0,9.920280e-01,0,3.759994e-03,0,6.567815e-01,0,9.386786e-01,0,8.018794e-01,0,3.759994e-03
12,,,6,410417,2.085499e-05,2.109416e-01,7.906312e-01,0,NaN,0,4.151392e-03,0,6.498302e-01,0,9.676629e-01,0,8.327800e-01,0,4.151392e-03
12,,,6,411064,1.849223e-05,2.071282e-01,7.690713e-01,0,9.997759e-01,0,3.577226e-03,0,6.615811e-01,0,9.660297e-01,0,8.146622e-01,0,3.577226e-03
12,,,6,412802,1.860403e-04,3.969441e-01,6.713928e-01,0,NaN,0,9.461900e-03,0,6.540413e-01,0,7.618732e-01,0,1.000000e+00,0,9.461900e-03
12,,,6,417727,1.257002e-05,1.939500e-01,6.600322e-01,0,1.000000e+00,0,9.793266e-04,0,6.292391e-01,0,9.569520e-01,0,8.410381e-01,0,9.793266e-04
12,,,6,424915,1.604700e-05,2.027801e-01,6.403339e-01,0,NaN,0,2.341597e-03,0,7.593673e-01,0,9.898958e-01,0,9.710955e-01,0,2.341597e-03
12,,,6,425573,9.253664e-05,3.114211e-01,9.995940e-01,0,NaN,0,1.651229e-03,0,9.404024e-01,0,6.248654e-01,0,8.015948e-01,0,1.651229e-03
12,,,6,432050,3.308826e-04,4.861468e-01,9.995383e-01,0,NaN,0,6.384698e-03,0,6.978141e-01,0,7.028653e-01,0,9.771921e-01,0,6.384698e-03
12,,,6,433061,1.880823e-05,2.076476e-01,5.964738e-01,0,NaN,0,7.255010e-03,0,7.086480e-01,0,9.179046e-01,0,9.980750e-01,0,7.255010e-03
12,,,6,433109,1.873860e-05,2.075339e-01,6.004524e-01,0,NaN,0,7.262583e-03,0,7.077560e-01,0,9.414314e-01,0,9.957450e-01,0,7.262583e-03
12,,,6,433962,2.357453e-05,2.150516e-01,6.358306e-01,0,1.000000e+00,0,4.917555e-03,0,6.989341e-01,0,9.707696e-01,0,1.000000e+00,0,4.917555e-03
12,,,6,434348,1.852579e-05,2.071838e-01,6.157979e-01,0,1.000000e+00,0,5.101293e-03,0,6.818541e-01,0,9.559635e-01,0,1.000000e+00,0,5.101293e-03
12,,,6,434364,1.970550e-05,2.090764e-01,5.937369e-01,0,1.000000e+00,0,5.417033e-03,0,7.053733e-01,0,9.332401e-01,0,1.000000e+00,0,5.417033e-03
12,,,6,434915,2.507291e-05,2.171179e-01,6.448869e-01,0,NaN,0,5.075726e-03,0,7.045577e-01,0,8.664974e-01,0,1.000000e+00,0,5.075726e-03
12,,,6,435471,4.904685e-05,2.565324e-01,5.830079e-01,0,NaN,0,5.761943e-03,0,7.123124e-01,0,1.000000e+00,0,8.813625e-01,0,5.761943e-03
12,,,6,441043,1.655773e-04,3.804425e-01,5.485937e-01,0,NaN,0,9.647285e-03,0,7.340901e-01,0,1.000000e+00,0,9.939164e-01,0,9.647285e-03
12,,,6,452759,4.182386e-05,2.450596e-01,6.960733e-02,0,NaN,0,4.645535e-03,0,8.298030e-01,0,9.901501e-01,0,1.000000e+00,0,4.645535e-03
12,,,6,453825,2.425109e-05,2.160004e-01,1.430501e-01,0,NaN,0,2.606953e-03,0,7.299412e-01,0,9.979716e-01,0,1.000000e+00,0,2.606953e-03
12,,,6,455419,4.104045e-04,5.253543e-01,2.695430e-01,0,9.999912e-01,0,8.102086e-03,0,8.836556e-01,0,1.000000e+00,0,8.959406e-01,0,8.102086e-03
12,,,6,456344,2.171585e-05,2.122979e-01,1.554849e-01,0,NaN,0,1.089416e-03,0,7.419338e-01,0,1.000000e+00,0,1.000000e+00,0,1.089416e-03
12,,,6,456749,2.029340e-05,2.100263e-01,1.366078e-01,0,NaN,0,1.073708e-03,0,7.429144e-01,0,1.000000e+00,0,1.000000e+00,0,1.073708e-03
12,,,6,457748,1.458692e-05,1.993807e-01,1.196579e-01,0,9.996115e-01,0,5.190702e-04,0,7.631816e-01,0,1.000000e+00,0,1.000000e+00,0,5.190702e-04
12,,,6,457987,7.514570e-06,1.651446e-01,1.407359e-01,0,NaN,0,3.712177e-04,0,7.575370e-01,0,1.000000e+00,0,1.000000e+00,0,3.712177e-04
12,,,6,460515,1.590151e-05,2.025008e-01,1.747660e-01,0,NaN,0,5.333258e-04,0,7.883511e-01,0,1.000000e+00,0,9.690488e-01,0,5.333258e-04
12,,,6,460901,1.221100e-05,1.925719e-01,2.145983e-01,0,9.981515e-01,0,5.118678e-04,0,7.996475e-01,0,1.000000e+00,0,9.327289e-01,0,5.118678e-04
12,,,6,461906,7.680913e-06,1.667155e-01,4.313039e-01,0,NaN,0,2.581913e-04,0,9.998398e-01,0,9.937068e-01,0,9.303363e-01,0,2.581913e-04
12,,,6,462299,3.051531e-07,2.427115e-02,3.539015e-01,0,9.995608e-01,0,1.444422e-05,0,9.997305e-01,0,1.000000e+00,0,9.761202e-01,0,1.444422e-05
12,,,6,462968,2.121693e-07,2.295475e-02,3.341673e-01,0,NaN,0,1.032905e-05,1,9.997580e-01,0,1.000000e+00,0,9.714628e-01,0,1.032905e-05
13,,,6,506231,1.420860e-04,3.601616e-01,5.381715e-01,0,3.992604e-01,0,6.027433e-03,1,7.786576e-01,0,6.904381e-01,0,6.624610e-01,0,6.027433e-03
13,,,6,506781,1.893828e-04,3.994657e-01,5.466922e-01,0,NaN,0,7.094554e-03,0,7.630817e-01,0,6.741369e-01,0,6.538165e-01,0,7.094554e-03
13,,,6,540016,7.297985e-05,2.889230e-01,6.175641e-01,0,1.948870e-01,0,6.353671e-03,0,7.131949e-01,0,6.046678e-01,0,6.807362e-01,0,6.353671e-03
14,,,6,152201201,2.978145e-04,4.684503e-01,2.930909e-01,0,NaN,0,3.805429e-03,0,7.759222e-01,0,1.320268e-02,0,1.000000e+00,0,3.805429e-03
14,,,6,152201464,3.789048e-06,1.119656e-01,5.234853e-01,0,NaN,0,2.403555e-03,0,6.323851e-01,0,2.269504e-04,0,8.157460e-01,0,2.269504e-04
14,,,6,152202007,1.173093e-05,1.906645e-01,8.095406e-03,0,NaN,0,3.609514e-04,0,7.039865e-01,0,6.926522e-04,0,9.709824e-01,0,3.609514e-04
14,,,6,152202498,4.090198e-07,2.597417e-02,2.031061e-01,0,NaN,0,1.216603e-03,0,5.989901e-01,0,5.469671e-05,0,8.084845e-01,0,5.469671e-05
14,,,6,152203104,2.748396e-07,2.384916e-02,2.101518e-01,0,1.471119e-03,0,1.290410e-03,0,5.909152e-01,0,3.119591e-05,1,7.726548e-01,0,3.119591e-05
14,,,6,152208722,3.033998e-07,2.424791e-02,2.158817e-01,0,2.330905e-03,0,9.856877e-04,0,6.004301e-01,0,3.442645e-05,0,7.955039e-01,0,3.442645e-05
14,,,6,152214111,2.960329e-07,2.414877e-02,2.166662e-01,0,NaN,0,1.123020e-03,0,4.722643e-01,0,4.276558e-05,0,8.145943e-01,0,4.276558e-05
14,,,6,152215199,1.681706e-05,2.042170e-01,6.838552e-03,1,NaN,0,4.755708e-04,0,6.901343e-01,0,9.829734e-04,0,9.810727e-01,0,4.755708e-04
14,,,6,152215722,2.024113e-05,2.099398e-01,7.961248e-03,0,NaN,0,5.457859e-04,0,6.925497e-01,0,1.171881e-03,0,9.802650e-01,0,5.457859e-04
14,,,6,152219415,3.376185e-07,2.479326e-02,2.209994e-01,0,NaN,0,1.214815e-03,0,6.179139e-01,0,7.240031e-05,0,8.278450e-01,0,7.240031e-05
14,,,6,152223003,5.089397e-07,2.787696e-02,3.079233e-01,0,NaN,0,1.734751e-03,0,5.919632e-01,0,1.584128e-04,0,7.963734e-01,0,1.584128e-04
14,,,6,152225383,1.461123e-05,1.994413e-01,7.688721e-03,0,6.917429e-04,1,4.275107e-04,0,6.929180e-01,0,8.581876e-04,0,9.876257e-01,0,4.275107e-04
14,,,6,152227421,8.952384e-06,1.763692e-01,1.623226e-02,0,7.106757e-03,0,2.922478e-04,1,7.193662e-01,0,5.321359e-04,0,8.269381e-01,0,2.922478e-04
14,,,6,152229445,2.902155e-07,2.406872e-02,2.575019e-01,0,8.185178e-03,0,1.163180e-03,0,6.179139e-01,0,3.540180e-05,0,8.464687e-01,0,3.540180e-05
14,,,6,152229850,1.985116e-05,2.093021e-01,8.933333e-03,0,9.392929e-04,0,5.375837e-04,0,6.965287e-01,0,1.148958e-03,0,9.915364e-01,0,5.375837e-04
14,,,6,152231404,1.988639e-05,2.093565e-01,1.220810e-02,0,NaN,0,5.382465e-04,0,6.990034e-01,0,1.150732e-03,0,9.962680e-01,0,5.382465e-04
14,,,6,152234593,1.142934e-05,1.894258e-01,2.449283e-02,0,4.951005e-03,0,3.617424e-04,0,6.842105e-01,0,6.758187e-04,0,8.354976e-01,0,3.617424e-04
14,,,6,152235339,2.738152e-05,2.210717e-01,1.659395e-02,0,1.308851e-03,0,6.848242e-04,0,7.078159e-01,0,1.572400e-03,0,1.000000e+00,0,6.848242e-04
14,,,6,152237468,3.718482e-07,2.535142e-02,2.804663e-01,0,3.099533e-03,0,1.409278e-03,0,6.108783e-01,0,3.702145e-05,0,8.561438e-01,0,3.702145e-05
14,,,6,152237618,1.216499e-05,1.923924e-01,2.657004e-02,0,4.453798e-03,0,3.707938e-04,0,6.803189e-01,0,7.161350e-04,0,8.276509e-01,0,3.707938e-04
14,,,6,152240423,6.157270e-07,3.019468e-02,2.940151e-01,0,NaN,0,2.268676e-03,0,5.809177e-01,0,3.667775e-05,0,8.378146e-01,0,3.667775e-05
14,,,6,152240448,3.763780e-05,2.381100e-01,1.865307e-02,0,NaN,0,8.638312e-04,0,6.907478e-01,0,2.123671e-03,0,1.000000e+00,0,8.638312e-04
14,,,6,152242900,7.759532e-05,2.942688e-01,2.390505e-02,0,NaN,0,3.138884e-03,0,7.009794e-01,0,4.144005e-03,0,6.202129e-01,0,3.138884e-03
14,,,6,152242987,8.837735e-05,3.068696e-01,2.221163e-02,0,NaN,0,3.486956e-03,0,7.095851e-01,0,4.676273e-03,0,6.204790e-01,0,3.486956e-03
14,,,6,152244647,7.717494e-05,2.937952e-01,1.098664e-02,0,NaN,0,1.961116e-03,0,7.306230e-01,0,4.125095e-03,0,6.948101e-01,0,1.961116e-03
14,,,6,152244772,1.246802e-05,1.935626e-01,2.246272e-01,0,NaN,0,1.204962e-02,0,6.231399e-01,0,7.320374e-04,0,5.610486e-01,0,7.320374e-04
14,,,6,152244787,7.603367e-05,2.924965e-01,2.412771e-02,0,NaN,0,3.273139e-03,0,6.943231e-01,0,4.073233e-03,0,6.199729e-01,0,3.273139e-03
14,,,6,152245465,6.857491e-05,2.834959e-01,2.503878e-02,0,NaN,0,3.085894e-03,0,7.003053e-01,0,3.713824e-03,0,6.137698e-01,0,3.085894e-03
14,,,6,152245716,1.104257e-05,1.877885e-01,2.276514e-01,0,NaN,0,1.128177e-02,0,6.331051e-01,0,6.535685e-04,0,5.539991e-01,0,6.535685e-04
14,,,6,152245756,7.032823e-05,2.856967e-01,1.270343e-02,0,NaN,0,1.832108e-03,0,7.355207e-01,0,3.801707e-03,0,6.927532e-01,0,1.832108e-03
14,,,6,152245938,9.311556e-06,1.787517e-01,2.372474e-01,0,NaN,0,1.135405e-02,0,6.280548e-01,0,5.525162e-04,0,5.340530e-01,0,5.525162e-04
14,,,6,152247152,1.325534e-05,1.958983e-01,2.234750e-01,0,1.882771e-01,0,1.127350e-02,0,6.368259e-01,0,7.797929e-04,0,5.520892e-01,0,7.797929e-04
14,,,6,152250975,7.863396e-05,2.954279e-01,2.271955e-02,0,NaN,0,3.098923e-03,0,7.067898e-01,0,4.190290e-03,0,6.281036e-01,0,3.098923e-03
14,,,6,152251080,7.566536e-05,2.920732e-01,2.355316e-02,0,1.838935e-01,0,3.004863e-03,0,7.001016e-01,0,4.056331e-03,0,6.249704e-01,0,3.004863e-03
14,,,6,152251568,1.360796e-05,1.968535e-01,2.098155e-01,0,2.368587e-01,0,1.165887e-02,0,6.265500e-01,0,8.009265e-04,0,5.517087e-01,0,8.009265e-04
14,,,6,152257687,9.471060e-05,3.137193e-01,1.104487e-02,0,3.342491e-02,0,2.038789e-03,0,7.506032e-01,0,4.968668e-03,0,6.848316e-01,0,2.038789e-03
14,,,6,152259155,2.193893e-05,2.126406e-01,2.099527e-01,0,2.343712e-01,0,1.303999e-02,0,6.199126e-01,0,1.271872e-03,0,5.221629e-01,0,1.271872e-03
14,,,6,152260206,1.795992e-05,2.062327e-01,2.481314e-01,0,2.195211e-01,0,1.227031e-02,0,6.189193e-01,0,1.048768e-03,0,5.340102e-01,0,1.048768e-03
14,,,6,152260668,1.102238e-04,3.298628e-01,3.160024e-02,0,7.793956e-02,0,3.613529e-03,0,7.048727e-01,0,5.694785e-03,0,6.111702e-01,0,3.613529e-03
14,,,6,152261004,1.931714e-05,2.084661e-01,2.387978e-01,0,2.658960e-01,0,1.266553e-02,0,6.292391e-01,0,1.121669e-03,0,5.337965e-01,0,1.121669e-03
14,,,6,152262113,1.630590e-04,3.782720e-01,1.828360e-02,0,3.353617e-02,0,2.472826e-03,0,7.584824e-01,0,7.990718e-03,0,6.882245e-01,0,2.472826e-03
14,,,6,152263360,8.890462e-05,3.074583e-01,1.487462e-02,0,2.478228e-02,0,2.259631e-03,0,7.494095e-01,0,4.701403e-03,0,6.886835e-01,0,2.259631e-03
14,,,6,152266468,4.772711e-05,2.545681e-01,5.301170e-01,0,3.346596e-02,0,4.633403e-03,0,6.535060e-01,0,2.652732e-03,0,9.804807e-01,0,2.652732e-03
14,,,6,152271840,8.735048e-05,3.057129e-01,6.642884e-01,0,NaN,0,6.632012e-03,0,6.023165e-01,0,4.626897e-03,0,7.983532e-01,0,4.626897e-03
14,,,6,152276923,3.157254e-05,2.274991e-01,6.909985e-01,0,NaN,0,6.613800e-03,0,6.372775e-01,0,5.949603e-03,0,7.536840e-01,0,5.949603e-03
14,,,6,152278318,9.504940e-05,3.140728e-01,5.923083e-01,0,NaN,0,4.970634e-03,0,6.721620e-01,0,4.983754e-03,0,9.543332e-01,0,4.970634e-03
14,,,6,152278741,1.511128e-04,3.681023e-01,6.069718e-01,0,9.573916e-02,0,4.536718e-03,0,7.196090e-01,0,7.491056e-03,0,9.251909e-01,0,4.536718e-03
14,,,6,152278885,4.513871e-05,2.505525e-01,7.168722e-01,0,3.169115e-01,0,6.734158e-03,0,6.613089e-01,0,4.969536e-03,0,7.465381e-01,0,4.969536e-03
14,,,6,152279514,1.783204e-04,3.909423e-01,6.377396e-01,0,NaN,0,3.571967e-03,0,6.962392e-01,0,8.644714e-03,0,9.572696e-01,0,3.571967e-03
14,,,6,152279804,3.871743e-05,2.398216e-01,7.820586e-01,0,NaN,0,3.694266e-03,0,6.864736e-01,0,2.177274e-03,0,1.000000e+00,0,2.177274e-03
14,,,6,152280867,2.551038e-05,2.178772e-01,7.660957e-01,0,NaN,0,3.670332e-03,0,6.765349e-01,0,1.463664e-03,0,1.000000e+00,0,1.463664e-03
14,,,6,152281584,1.951037e-05,2.087713e-01,7.506275e-01,0,NaN,0,3.126411e-03,0,6.876127e-01,0,1.131629e-03,0,1.000000e+00,0,1.131629e-03
14,,,6,152282306,1.833772e-05,2.068709e-01,7.873324e-01,0,NaN,0,2.668832e-03,0,6.973175e-01,0,1.069600e-03,0,1.000000e+00,0,1.069600e-03
14,,,6,152282325,2.922109e-05,2.240062e-01,8.065024e-01,0,NaN,0,2.484795e-03,0,7.205725e-01,0,1.672287e-03,0,1.000000e+00,0,1.672287e-03
14,,,6,152283478,1.376603e-04,3.560822e-01,8.330308e-01,0,2.317422e-01,0,2.439998e-03,0,8.237598e-01,0,6.920039e-03,0,9.733167e-01,0,2.439998e-03
14,,,6,152285122,8.426755e-04,6.590412e-01,5.781904e-01,0,NaN,0,9.620920e-03,0,9.894230e-01,0,2.897480e-02,0,1.000000e+00,0,9.620920e-03
14,,,6,152285971,9.169298e-04,6.693304e-01,5.585634e-01,0,NaN,0,8.704107e-03,0,9.641771e-01,0,3.075736e-02,0,1.000000e+00,0,8.704107e-03
14,,,6,152292660,8.564111e-04,6.610112e-01,5.633808e-01,0,3.058549e-01,0,9.421874e-03,0,9.702593e-01,0,2.931608e-02,0,1.000000e+00,0,9.421874e-03
14,,,6,152293102,8.978757e-04,6.667719e-01,5.625745e-01,0,NaN,0,9.540729e-03,0,9.720778e-01,0,3.031410e-02,0,1.000000e+00,0,9.540729e-03
14,,,6,152293905,9.658437e-04,6.756625e-01,5.628438e-01,0,3.159847e-01,0,8.680912e-03,0,9.774823e-01,0,3.185437e-02,0,1.000000e+00,0,8.680912e-03
15,,,7,8394248,7.776312e-05,2.944571e-01,5.834549e-01,0,8.834286e-01,0,2.638429e-03,1,6.719327e-01,0,1.000000e+00,0,7.396930e-01,0,2.638429e-03
15,,,7,8398326,6.455290e-04,6.156810e-01,4.593607e-01,0,6.200562e-01,0,9.725313e-03,0,6.666619e-01,0,9.726737e-01,0,9.576941e-01,0,9.725313e-03
15,,,7,8408976,4.505237e-04,5.440216e-01,5.050477e-01,0,NaN,0,6.988637e-03,0,6.613089e-01,0,9.582957e-01,0,1.000000e+00,0,6.988637e-03
15,,,7,8409271,4.588929e-04,5.477055e-01,5.015718e-01,0,NaN,0,6.901092e-03,0,6.608983e-01,0,9.589482e-01,0,1.000000e+00,0,6.901092e-03
15,,,7,8412651,6.059147e-04,6.035485e-01,4.869726e-01,0,5.895825e-01,0,8.459945e-03,0,6.643689e-01,0,9.443503e-01,0,1.000000e+00,0,8.459945e-03
15,,,7,8414264,6.329244e-04,6.122433e-01,4.851354e-01,0,NaN,0,8.075678e-03,0,6.567815e-01,0,9.235647e-01,0,1.000000e+00,0,8.075678e-03
15,,,7,8415393,6.345072e-04,6.126787e-01,4.916088e-01,0,7.045368e-01,0,7.547900e-03,0,6.576562e-01,0,8.988694e-01,0,1.000000e+00,0,7.547900e-03
15,,,7,8424925,1.233471e-04,3.423029e-01,4.686678e-01,0,7.765173e-01,0,3.514988e-03,0,3.781608e-01,0,6.672158e-01,0,9.211727e-01,0,3.514988e-03
16,,,7,104006510,8.453057e-05,3.024652e-01,3.095334e-01,0,NaN,0,6.318550e-03,1,7.443075e-01,0,7.028653e-01,0,8.566100e-01,0,6.318550e-03
17,,,8,62494439,3.647288e-04,5.035856e-01,7.634892e-01,0,NaN,0,7.304636e-03,1,7.984954e-01,0,1.000000e+00,0,9.830777e-01,0,7.304636e-03
17,,,8,62497607,3.889403e-04,5.150941e-01,7.707041e-01,0,9.995032e-01,0,7.758677e-03,0,8.013861e-01,0,1.000000e+00,0,1.000000e+00,0,7.758677e-03
17,,,8,62498996,3.900255e-04,5.155930e-01,7.780651e-01,0,9.997092e-01,0,8.152998e-03,0,8.022478e-01,0,1.000000e+00,0,9.971859e-01,0,8.152998e-03
17,,,8,62503930,4.461715e-04,5.420787e-01,7.671951e-01,0,NaN,0,7.716145e-03,0,8.006280e-01,0,1.000000e+00,0,9.920452e-01,0,7.716145e-03
18,,,8,84166071,1.126124e-03,6.922468e-01,9.997781e-01,0,2.002071e-01,0,9.645099e-03,0,6.659061e-01,0,9.247431e-01,0,7.316329e-01,0,9.645099e-03
18,,,8,84178565,1.123624e-03,6.920157e-01,9.999736e-01,0,2.527067e-01,0,9.630599e-03,1,6.698877e-01,0,9.457603e-01,0,7.404123e-01,0,9.630599e-03
19,,,9,8371405,1.587194e-04,3.744521e-01,5.484943e-01,0,5.384713e-01,0,2.422096e-03,1,8.114604e-01,0,6.724505e-01,0,1.000000e+00,0,2.422096e-03
20,,,10,64887856,3.989393e-04,5.196833e-01,9.996751e-01,0,NaN,0,9.294977e-03,0,9.777900e-01,0,6.420825e-01,0,9.994990e-01,0,9.294977e-03
20,,,10,65191645,3.169782e-05,2.277143e-01,9.997056e-01,0,NaN,0,7.547900e-03,1,6.994863e-01,0,5.591526e-01,0,8.430031e-01,0,7.547900e-03
21,,,10,84457148,2.253244e-05,2.135357e-01,6.009327e-01,0,6.189929e-01,0,4.873578e-03,0,9.996943e-01,0,7.983227e-01,0,4.788232e-01,0,4.873578e-03
21,,,10,84459894,2.349424e-05,2.149372e-01,5.849653e-01,0,NaN,0,4.642878e-03,1,9.956660e-01,0,8.035147e-01,0,4.871535e-01,0,4.642878e-03
22,,,11,27636885,3.576131e-04,5.000577e-01,6.672592e-01,0,9.582285e-01,0,4.337236e-03,0,9.666929e-02,0,5.876578e-01,0,9.618300e-01,0,4.337236e-03
22,,,11,27638934,3.356652e-04,4.887165e-01,6.463305e-01,0,8.944656e-01,0,4.143776e-03,0,9.905791e-02,0,5.778571e-01,0,9.671537e-01,0,4.143776e-03
22,,,11,27640223,3.557377e-04,4.991162e-01,6.448106e-01,0,NaN,0,4.321175e-03,0,1.161172e-01,0,5.827580e-01,0,9.634248e-01,0,4.321175e-03
22,,,11,27650524,1.057023e-03,6.856627e-01,9.446282e-01,0,9.638016e-01,0,9.231984e-03,0,3.295113e-01,0,8.157901e-01,0,1.000000e+00,0,9.231984e-03
22,,,11,27700125,3.656699e-04,5.040470e-01,7.405695e-01,0,9.734586e-01,0,4.405286e-03,0,1.073683e-01,0,6.035998e-01,0,9.003820e-01,0,4.405286e-03
22,,,11,27707486,2.885244e-04,4.633870e-01,7.088636e-01,0,NaN,0,3.722944e-03,1,1.264266e-01,0,6.039294e-01,0,8.962790e-01,0,3.722944e-03
22,,,11,27728539,4.516083e-04,5.445028e-01,7.788224e-01,0,8.247957e-01,0,5.115896e-03,0,1.321580e-01,0,6.318652e-01,0,9.067460e-01,0,5.115896e-03
23,,,11,32515108,7.536007e-05,2.917207e-01,9.318954e-01,0,5.925778e-01,0,9.896911e-03,1,9.123168e-01,0,5.696283e-01,0,9.049674e-01,0,9.896911e-03
24,,,12,96821296,2.621700e-04,4.480831e-01,9.997475e-01,0,9.492158e-01,0,3.473633e-03,1,7.848888e-01,0,3.496341e-01,0,6.526806e-01,0,3.473633e-03
25,,,13,109809622,5.085924e-05,2.592453e-01,6.355906e-01,0,9.755030e-01,0,8.462310e-03,1,9.999227e-01,0,1.000000e+00,0,6.854156e-01,0,8.462310e-03
26,,,16,12197441,2.402673e-05,2.156887e-01,4.543605e-01,0,NaN,0,1.553866e-03,1,6.694732e-01,0,5.077996e-01,0,5.582456e-01,0,1.553866e-03
26,,,16,12200115,3.134132e-04,4.766069e-01,3.241350e-01,0,NaN,0,3.938305e-03,0,7.778994e-01,0,2.804389e-01,0,6.135703e-01,0,3.938305e-03
26,,,16,12201691,3.569988e-04,4.997498e-01,3.167059e-01,0,9.810031e-02,0,4.331984e-03,0,7.632814e-01,0,2.968411e-01,0,5.904354e-01,0,4.331984e-03
26,,,16,12202572,3.544124e-04,4.984479e-01,3.191818e-01,0,NaN,0,4.309775e-03,0,7.571669e-01,0,3.101401e-01,0,5.841992e-01,0,4.309775e-03
26,,,16,12203789,4.524208e-04,5.448626e-01,3.046335e-01,0,NaN,0,5.122325e-03,0,7.484326e-01,0,2.791142e-01,0,6.359254e-01,0,5.122325e-03
26,,,16,12203844,3.458733e-04,4.940808e-01,3.053114e-01,0,NaN,0,4.235281e-03,0,7.543748e-01,0,2.877590e-01,0,6.052865e-01,0,4.235281e-03
26,,,16,12205542,5.787217e-04,5.943056e-01,3.441805e-01,0,1.142862e-01,0,6.089359e-03,0,7.996475e-01,0,3.917134e-01,0,6.117420e-01,0,6.089359e-03
26,,,16,12207306,4.346371e-04,5.368364e-01,3.217118e-01,0,NaN,0,4.978891e-03,0,7.756651e-01,0,3.157860e-01,0,5.709004e-01,0,4.978891e-03
26,,,16,12207491,4.186311e-04,5.293266e-01,3.742888e-01,0,1.219956e-01,0,4.844685e-03,0,8.098366e-01,0,3.868348e-01,0,6.230616e-01,0,4.844685e-03
26,,,16,12209658,3.662764e-04,5.043438e-01,3.761436e-01,0,NaN,0,4.410348e-03,0,8.095813e-01,0,3.990347e-01,0,5.826816e-01,0,4.410348e-03
26,,,16,12210702,3.195432e-04,4.799028e-01,3.774215e-01,0,NaN,0,3.993431e-03,0,8.107015e-01,0,3.969436e-01,0,5.712241e-01,0,3.993431e-03
26,,,16,12212689,3.952528e-04,5.179770e-01,3.444493e-01,0,NaN,0,4.642905e-03,0,8.329582e-01,0,3.788559e-01,0,5.596105e-01,0,4.642905e-03
26,,,16,12212914,3.961834e-04,5.183981e-01,3.467532e-01,0,9.482144e-02,0,4.650088e-03,0,8.469209e-01,0,3.826145e-01,0,5.580964e-01,0,4.650088e-03
26,,,16,12215791,5.410350e-04,5.807510e-01,3.526983e-01,0,NaN,0,5.808062e-03,0,8.580742e-01,0,3.685004e-01,0,5.291948e-01,0,5.808062e-03
27,,,16,12531365,1.155356e-04,3.350678e-01,4.212862e-01,0,6.006234e-01,0,5.624239e-03,1,6.321435e-01,0,8.833573e-01,0,6.652525e-01,0,5.624239e-03
28,,,17,8059117,1.736010e-04,3.871438e-01,9.907376e-01,0,NaN,0,7.913140e-02,0,7.951533e-01,0,8.448651e-03,0,8.113161e-01,0,8.448651e-03
28,,,17,8061337,1.645072e-04,3.795243e-01,9.993569e-01,0,NaN,0,7.248794e-02,0,8.236236e-01,0,8.055354e-03,1,8.349310e-01,0,8.055354e-03
28,,,17,8062102,1.746407e-04,3.879894e-01,9.994037e-01,0,9.621897e-01,0,7.285487e-02,0,8.138635e-01,0,8.492296e-03,0,8.335411e-01,0,8.492296e-03
28,,,17,8062199,1.792562e-04,3.916835e-01,9.993716e-01,0,NaN,0,7.411845e-02,0,8.225991e-01,0,8.682973e-03,0,8.322077e-01,0,8.682973e-03
28,,,17,8062583,1.819156e-04,3.937690e-01,9.994091e-01,0,9.943202e-01,0,7.609781e-02,0,8.268697e-01,0,8.790619e-03,0,8.313790e-01,0,8.790619e-03
28,,,17,8066783,1.777845e-04,3.905160e-01,9.993483e-01,0,9.341227e-01,0,8.421852e-02,0,9.015310e-01,0,8.622712e-03,0,8.315705e-01,0,8.622712e-03
28,,,17,8069021,1.646470e-04,3.796446e-01,9.993221e-01,0,NaN,0,8.529515e-02,0,9.092698e-01,0,8.061563e-03,0,8.427583e-01,0,8.061563e-03
28,,,17,8076778,1.655309e-04,3.804027e-01,9.994172e-01,0,NaN,0,7.912360e-02,0,9.079950e-01,0,8.100697e-03,0,7.899383e-01,0,8.100697e-03
28,,,17,8078765,2.040704e-04,4.102181e-01,9.994939e-01,0,8.743797e-01,0,9.145894e-02,0,9.324354e-01,0,9.661320e-03,0,8.075109e-01,0,9.661320e-03
29,,,19,45395266,5.113185e-04,5.693796e-01,9.515384e-01,0,1.000000e+00,0,5.572074e-03,1,9.998106e-01,0,9.949259e-01,0,6.934765e-01,0,5.572074e-03
